{
  "success": true,
  "camera_matrix": [
    [
      3950.6449640949045,
      0.0,
      610.1665213440242
    ],
    [
      0.0,
      3903.3257494837535,
      404.6265679596798
    ],
    [
      0.0,
      0.0,
      1.0
    ]
  ],
  "dist_coeffs": [
    0.2883419987914136,
    -17.12157380748549,
    0.05557219629919723,
    -0.004367900691153451,
    45.505420294710966
  ],
  "image_size": [
    1280,
    800
  ],
  "reprojection_error": 0.435099469462709,
  "num_images_used": 18,
  "error_message": null,
  "calibrated_at": "2026-01-31T20:39:29.875666Z"
}