{
  "success": true,
  "camera_matrix": [
    [
      2780.4688085836706,
      0.0,
      642.2202846234806
    ],
    [
      0.0,
      2783.533660558063,
      457.6334779067602
    ],
    [
      0.0,
      0.0,
      1.0
    ]
  ],
  "dist_coeffs": [
    0.5263893868121259,
    -6.409996228800464,
    0.023492120798859983,
    -0.00987703332798722,
    4.3180965140841785
  ],
  "image_size": [
    1280,
    800
  ],
  "reprojection_error": 0.17819129100705094,
  "num_images_used": 15,
  "error_message": null,
  "calibrated_at": "2026-01-29T22:06:12.079160Z"
}