{
  "success": true,
  "camera_matrix": [
    [
      4056.36889449618,
      0.0,
      642.8810267062064
    ],
    [
      0.0,
      4005.7303874529775,
      396.04593518079423
    ],
    [
      0.0,
      0.0,
      1.0
    ]
  ],
  "dist_coeffs": [
    1.5699835947399008,
    16.656553159700145,
    0.0698580080034126,
    0.014921204785504828,
    -124.68522458513435
  ],
  "image_size": [
    1280,
    800
  ],
  "reprojection_error": 0.718666116136814,
  "num_images_used": 15,
  "error_message": null,
  "calibrated_at": "2026-03-22T12:01:34.347782Z"
}