{
  "camera": {
    "width": 1280,
    "height": 800,
    "fps": 120,
    "device_id": 0,
    "exposure": -6,
    "auto_exposure": false
  },
  "detector": {
    "white_lower_h": 0,
    "white_lower_s": 0,
    "white_lower_v": 200,
    "white_upper_h": 180,
    "white_upper_s": 50,
    "white_upper_v": 255,
    "min_radius": 15,
    "max_radius": 45,
    "min_area": 700,
    "max_area": 6000,
    "min_circularity": 0.85
  },
  "tracker": {
    "motion_threshold_px": 5.0,
    "motion_confirm_frames": 2,
    "stopped_velocity_threshold": 50.0,
    "stopped_confirm_frames": 10,
    "cooldown_duration_ms": 300,
    "idle_ema_alpha": 0.5
  },
  "calibration": {
    "version": 1,
    "homography_matrix": [
      [
        0.0006521509511943977,
        -2.279022141270755e-05,
        -0.3038155651058255
      ],
      [
        -8.063822235729018e-05,
        0.001627425942119855,
        -0.24755201188939363
      ],
      [
        -0.00012058993733548415,
        -0.00032239021639720184,
        1.0
      ]
    ],
    "pixels_per_meter": 1579.814697265625,
    "origin_px": [
      472,
      175
    ],
    "forward_direction_deg": 2.8366596698760986,
    "created_at": "2026-01-26T22:45:06.675869Z"
  },
  "prediction": {
    "friction_coefficient": 0.15,
    "min_velocity_threshold": 10.0,
    "max_prediction_time_s": 10.0
  },
  "server_host": "0.0.0.0",
  "server_port": 8000,
  "websocket_path": "/ws"
}