{
  "camera": {
    "width": 1280,
    "height": 800,
    "fps": 120,
    "device_id": 0,
    "exposure": -6,
    "auto_exposure": false
  },
  "detector": {
    "white_lower_h": 0,
    "white_lower_s": 0,
    "white_lower_v": 200,
    "white_upper_h": 180,
    "white_upper_s": 50,
    "white_upper_v": 255,
    "min_radius": 15,
    "max_radius": 45,
    "min_area": 700,
    "max_area": 6000,
    "min_circularity": 0.85
  },
  "tracker": {
    "motion_threshold_px": 5.0,
    "motion_confirm_frames": 2,
    "stopped_velocity_threshold": 50.0,
    "stopped_confirm_frames": 10,
    "cooldown_duration_ms": 300,
    "idle_ema_alpha": 0.5
  },
  "calibration": {
    "version": 1,
    "homography_matrix": [
      [
        0.0009143872590786484,
        -7.982745912591384e-05,
        -0.37897360515853684
      ],
      [
        3.260024819377015e-05,
        0.001586545412096816,
        -0.31470106256386166
      ],
      [
        -0.00016825451127741375,
        -0.00028446923259149747,
        1.0
      ]
    ],
    "pixels_per_meter": 1155.4979248046875,
    "origin_px": [
      431,
      189
    ],
    "forward_direction_deg": -1.1771444082260132,
    "created_at": "2026-01-26T22:17:14.362245Z"
  },
  "prediction": {
    "friction_coefficient": 0.15,
    "min_velocity_threshold": 10.0,
    "max_prediction_time_s": 10.0
  },
  "server_host": "0.0.0.0",
  "server_port": 8000,
  "websocket_path": "/ws"
}